"","29-B1","30-B1","31-B2","32-B3","33-B1","34-B1","35-B2","36-B3","37-B1","38-B2","39-B3","40-B1","41-B2","42-B3","44-B2","45-B3","46-B1","47-B2","48-B3","49-B1","50-B2","52-B1","53-B2","54-B3"
"ASV_1",0.23752751283932502,0.21076861489191354,0.3017009847806625,0.47801578354002255,0.860522891281202,0.9760127931769723,0.4559228650137741,0.07947019867549669,0.046677959721437984,0.018022181146025877,0.0674471055740522,0.21548323471400394,0.027567567567567567,0.4170990566037736,0.7357650402652771,0.27794890378691794,0.6012364760432767,0.847972972972973,0.14064444751763241,0.018369175627240143,0.33595896684374427,0.26614481409001955,0.3508435582822086,0.8709046454767726
"ASV_2",0.04933969185619956,0.057245796637309845,0.0,0.03394713766754353,0.0,0.0,0.012714558169103624,0.0,0.0,0.09034195933456562,0.0,0.0,0.1354054054054054,0.04080188679245283,0.03827569872098532,0.24134807030259106,0.0,0.0,0.20868482920757847,0.13530465949820789,0.045795933321121085,0.0624048706240487,0.20149539877300612,0.0
"ASV_3",0.3363903154805576,0.0,0.0,0.007265439057998246,0.0,0.0,0.008476372112735749,0.1244230383303231,0.01562205910031997,0.08040665434380777,0.02996455804961873,0.0,0.032432432432432434,0.0,0.0,0.022105453886573655,0.05255023183925812,0.0,0.012722998202185037,0.12208781362007168,0.05000915918666422,0.019569471624266144,0.051763803680981595,0.0
"ASV_4",0.0,0.0,0.0,0.0,0.0,0.0,0.0,0.0,0.29757199322416716,0.11298521256931608,0.2606594350767909,0.0,0.012162162162162163,0.0,0.0,0.0,0.0,0.0,0.017010095422486517,0.012096774193548387,0.0,0.0,0.0,0.0
"ASV_5",0.0,0.039631705364291434,0.009474783646672634,0.0,0.0,0.0,0.03644840008476372,0.09151113786875377,0.051759834368530024,0.052911275415896485,0.041348942111481046,0.0,0.07567567567567568,0.022169811320754716,0.0,0.0,0.0,0.0,0.0,0.0,0.0,0.40987171124157423,0.013803680981595092,0.0
"ASV_6",0.0,0.020016012810248198,0.0,0.05361392960040085,0.0,0.0,0.0,0.0,0.030491247882552232,0.04436229205175601,0.0,0.0,0.0,0.016391509433962264,0.0,0.0,0.10664605873261206,0.0,0.04065827686350436,0.20945340501792115,0.13757098369664775,0.0,0.0,0.0
"ASV_7",0.0,0.0,0.10377499253954044,0.0,0.0,0.0,0.0,0.15111378687537627,0.0,0.0,0.0,0.0,0.0,0.05070754716981132,0.0,0.0,0.0,0.0,0.0,0.0,0.0,0.0,0.0,0.0
"ASV_8",0.06456346294937637,0.04323458767013611,0.0,0.0,0.0,0.0,0.0,0.0,0.06964050442311312,0.09311460258780037,0.02566856406401031,0.0,0.0,0.0,0.0,0.0,0.0,0.0,0.0,0.07056451612903226,0.04158270745557795,0.0,0.06882668711656442,0.0
"ASV_9",0.0669479090242113,0.021016813450760608,0.006789018203521337,0.0103970938243768,0.0,0.0,0.0,0.0,0.0,0.03997227356746765,0.03254215444098378,0.0,0.056486486486486485,0.0,0.009284699194694457,0.0,0.0,0.0,0.05324298160696999,0.0,0.03443854185748305,0.0,0.0,0.0
"ASV_10",0.0,0.0,0.0,0.0,0.0,0.0,0.0,0.0,0.0,0.0,0.0,0.0,0.04864864864864865,0.09056603773584905,0.0,0.0,0.0,0.0,0.13220854653574887,0.0,0.0,0.0,0.0,0.0
"ASV_11",0.0,0.04643714971977582,0.0,0.0,0.0,0.0,0.0,0.0,0.0,0.0,0.0,0.0,0.0,0.0,0.11880625296068215,0.0,0.0,0.0,0.0,0.0,0.0,0.0,0.0,0.06063569682151589
"ASV_12",0.0,0.0,0.12928976424947777,0.0,0.0,0.0,0.0,0.0,0.0,0.0,0.0,0.0,0.0,0.0,0.0,0.0,0.0,0.0,0.0,0.0,0.0,0.0,0.003834355828220859,0.0
"ASV_13",0.0,0.0,0.0,0.0,0.0,0.0,0.0,0.10154525386313466,0.0,0.0,0.036945548276232414,0.0,0.0,0.0,0.0,0.0965754665700308,0.09891808346213292,0.0,0.0,0.04345878136200717,0.0,0.0,0.0,0.0
"ASV_14",0.06456346294937637,0.0,0.0,0.0,0.0,0.0,0.0,0.017660044150110375,0.0,0.017097966728280962,0.011599183761142735,0.0,0.0,0.028183962264150944,0.0,0.03841275593404602,0.0,0.0,0.017010095422486517,0.05398745519713262,0.0,0.0,0.0,0.0
"ASV_15",0.0,0.0,0.0,0.0,0.0,0.0,0.06219538037719856,0.0,0.0,0.040896487985212567,0.03136075609494147,0.0,0.0,0.0,0.0,0.0,0.0,0.0,0.0,0.0,0.0,0.06653620352250489,0.0,0.0
"ASV_16",0.0,0.0,0.0,0.0,0.0,0.0,0.0,0.0,0.0860154338415208,0.02310536044362292,0.07303189775534315,0.0,0.0,0.0,0.0,0.0,0.0,0.0,0.0,0.0,0.0,0.0,0.0,0.0
"ASV_17",0.014123257520176083,0.0,0.0,0.006388575723412251,0.0,0.01279317697228145,0.0021190930281839372,0.0,0.023338979860718992,0.0,0.002577596391365052,0.3091715976331361,0.0,0.007900943396226415,0.0,0.0,0.0,0.008108108108108109,0.010510302862674596,0.0,0.0,0.0121765601217656,0.0,0.0035859820700896495
"ASV_18",0.0,0.0,0.0,0.0,0.0,0.0,0.07575757575757576,0.0,0.005081874647092038,0.009704251386321626,0.0,0.0,0.04675675675675676,0.0,0.0,0.0,0.0,0.0,0.0,0.0228494623655914,0.0,0.024787997390737115,0.0,0.0
"ASV_19",0.0,0.0,0.0,0.07052486533884504,0.0,0.0,0.0,0.0,0.0,0.0,0.0,0.0,0.0,0.06132075471698113,0.0,0.0,0.0,0.0,0.0,0.0,0.0,0.0,0.0,0.0
"ASV_20",0.0,0.0,0.05953446732318711,0.0,0.0,0.0,0.0,0.04495283965482641,0.0,0.0,0.0,0.0,0.0,0.0,0.0,0.0,0.0,0.0,0.0,0.0,0.0,0.0,0.0,0.0
"ASV_21",0.0,0.0,0.0,0.0,0.0,0.0,0.013244331426149608,0.03230985350190648,0.012610577827969132,0.012476894639556377,0.007840189023735367,0.0,0.03027027027027027,0.0,0.0,0.0,0.0401854714064915,0.0,0.04397731987277002,0.009408602150537635,0.0,0.0,0.0,0.0
"ASV_22",0.043837123991195895,0.0,0.0,0.0,0.0,0.0,0.0,0.0,0.0,0.0,0.0,0.0,0.0,0.0,0.046518237801989576,0.0,0.0,0.0,0.03291384317521781,0.0,0.0,0.0,0.0,0.0
"ASV_23",0.014673514306676448,0.03362690152121697,0.0,0.0,0.0,0.0,0.0,0.0,0.0,0.0,0.0,0.0,0.04081081081081081,0.008254716981132075,0.0,0.0,0.0,0.0,0.016042041211450697,0.0,0.025462538926543325,0.0,0.02396472392638037,0.0
"ASV_24",0.0,0.0,0.0,0.0,0.0,0.0,0.0,0.0,0.06173536608319217,0.03257855822550832,0.006766190527333261,0.0,0.0,0.0,0.0,0.0,0.0,0.0,0.0,0.037858422939068104,0.015753801062465652,0.0,0.0,0.0
"ASV_25",0.0,0.0,0.0,0.0,0.0,0.0,0.0,0.0,0.0,0.0,0.0,0.0,0.0,0.0,0.0,0.0,0.0,0.0,0.0,0.0,0.0,0.0,0.14589723926380369,0.0
"ASV_26",0.0,0.0,0.014174873172187406,0.0,0.0,0.0,0.05774528501801229,0.0,0.0,0.0,0.0,0.0,0.0,0.0,0.0,0.0,0.0,0.0,0.0,0.0,0.0,0.0,0.0,0.0
"ASV_27",0.0,0.0,0.0,0.0,0.0,0.0,0.07734689552871371,0.0,0.0,0.0,0.0,0.0,0.0,0.0,0.0,0.0,0.0,0.0,0.0,0.0,0.0,0.0,0.0,0.0
"ASV_28",0.0,0.0,0.054237541032527606,0.0,0.0,0.0,0.0,0.0,0.0,0.0,0.0,0.0,0.0,0.0,0.0,0.0,0.0,0.0,0.0,0.0,0.0,0.0,0.0,0.0
"ASV_29",0.0,0.0,0.0,0.004259050482274834,0.0,0.0,0.0,0.019867549668874173,0.014116318464144552,0.05730129390018484,0.016539576844592417,0.0,0.0,0.0023584905660377358,0.0,0.0,0.0,0.0,0.004010510302862674,0.0,0.0,0.01456838443139813,0.0,0.0
"ASV_30",0.0,0.0122097678142514,0.0,0.0,0.0,0.0,0.004132231404958678,0.0,0.015433841520798042,0.03974121996303143,0.006873590376973472,0.0,0.0,0.0,0.0,0.0,0.061823802163833076,0.0,0.014382519706817868,0.019489247311827957,0.0,0.015220700152207,0.0,0.0
"ASV_31",0.0,0.0,0.0,0.018664662407616186,0.0,0.0,0.0,0.0,0.0261622435535479,0.019177449168207024,0.028997959402856835,0.0,0.0,0.0,0.0,0.0,0.0,0.0,0.003872216844143272,0.0,0.00842645173108628,0.0,0.0,0.0
"ASV_32",0.0,0.07305844675740593,0.0,0.016409870975823627,0.0,0.0,0.0,0.0,0.0,0.0205637707948244,0.010095585866179787,0.0,0.0,0.0,0.0,0.0,0.0,0.0,0.0,0.0,0.0,0.0,0.0,0.0
"ASV_33",0.0,0.02902321857485989,0.0,0.0,0.0,0.0,0.0,0.0,0.0,0.0,0.0,0.0,0.0,0.0,0.02491710090004737,0.0,0.0,0.0,0.0,0.0,0.04854368932038835,0.0,0.0,0.0
"ASV_34",0.0,0.0028022417934347476,0.0,0.0,0.008399384833786822,0.0,0.019071837253655435,0.0,0.0,0.0,0.0,0.07445759368836292,0.0,0.0,0.0015158692562766462,0.007610074288820439,0.0,0.0,0.0,0.0,0.0,0.0,0.03412576687116564,0.0
"ASV_35",0.0,0.09967974379503602,0.0,0.0,0.0,0.0,0.0,0.0,0.023715415019762844,0.0,0.0,0.0,0.0,0.0,0.0,0.0,0.0,0.0,0.0,0.0,0.0,0.0,0.0,0.0
"ASV_36",0.0,0.0,0.0,0.0,0.0,0.0,0.0,0.0,0.021268586485977792,0.02264325323475046,0.022446568574803996,0.0,0.02891891891891892,0.008962264150943396,0.0,0.0,0.0,0.0,0.0,0.0,0.0,0.0,0.0,0.0
"ASV_37",0.0,0.0,0.0,0.0,0.0,0.0,0.0,0.0,0.009410878976096368,0.0,0.0,0.0,0.12756756756756757,0.008254716981132075,0.0,0.0,0.0,0.0,0.0,0.0,0.0,0.0,0.0,0.0
"ASV_38",0.0,0.0,0.0,0.0,0.0,0.0,0.0,0.0,0.0,0.0,0.0,0.0,0.012972972972972972,0.060141509433962265,0.0,0.0,0.0,0.0,0.0,0.0,0.0,0.0,0.0,0.0
"ASV_39",0.0,0.012810248198558846,0.0,0.0,0.0,0.0,0.0,0.018864138069436084,0.0,0.024029574861367836,0.009880786166899367,0.0,0.0,0.0,0.0,0.0,0.0,0.0,0.0,0.04525089605734767,0.0,0.0,0.0,0.0
"ASV_40",0.0,0.0,0.0,0.06964800200425905,0.0,0.0,0.0,0.0,0.0,0.0,0.0,0.0,0.0,0.0,0.0,0.0,0.0,0.0,0.0,0.0,0.0,0.0,0.0,0.0
"ASV_41",0.0,0.010608486789431545,0.0,0.006388575723412251,0.0,0.0,0.0,0.0,0.0220214568040655,0.0,0.0276017613575341,0.0,0.0,0.0,0.0,0.0,0.0,0.0,0.010372009403955194,0.0,0.0,0.0,0.0,0.0
"ASV_42",0.0,0.0,0.0,0.0,0.0630545368508222,0.0,0.0,0.0,0.0,0.0,0.0,0.0,0.0,0.0,0.0,0.0,0.0,0.0,0.0,0.0,0.0,0.0,0.0,0.0
"ASV_43",0.0,0.02802241793434748,0.0040286481647269475,0.004133784291619692,0.0,0.0,0.0,0.016054585591009432,0.011104837191793714,0.012939001848428836,0.008269788422296209,0.0,0.0,0.0,0.0,0.0,0.0,0.0,0.0,0.0,0.0,0.0,0.0,0.0
"ASV_44",0.0,0.0,0.0,0.006388575723412251,0.0,0.0,0.0,0.0,0.0,0.0,0.0,0.20710059171597633,0.0,0.0,0.0,0.0,0.0,0.0,0.0,0.0,0.0,0.0,0.0,0.0
"ASV_45",0.0,0.0,0.0,0.0,0.0,0.0,0.0,0.0,0.0,0.0,0.0,0.0,0.0,0.0,0.0,0.0,0.0,0.0,0.0649979255981192,0.0,0.0,0.0,0.0,0.0
"ASV_46",0.0,0.0,0.0,0.0,0.0,0.0,0.0,0.0,0.010163749294184076,0.0,0.0,0.0,0.023513513513513513,0.03738207547169811,0.0,0.0,0.0,0.0,0.0,0.0,0.0,0.0,0.0,0.0
"ASV_47",0.0,0.053642914331465175,0.0,0.007014906676687962,0.0,0.0,0.0,0.01063616295404375,0.00564652738565782,0.009473197781885398,0.0,0.0,0.0,0.0,0.0,0.0,0.0,0.0,0.0,0.0,0.0,0.0,0.0,0.0
"ASV_48",0.0,0.0,0.0,0.0,0.0,0.0,0.0,0.0,0.0,0.0,0.0,0.005424063116370809,0.0,0.0,0.0,0.07809385758289546,0.0,0.0,0.0,0.0,0.0,0.0,0.0,0.0
"ASV_49",0.0,0.0,0.0,0.0,0.0,0.0,0.02299215935579572,0.0,0.0,0.0,0.02362796692084631,0.0,0.0,0.0,0.0,0.0,0.0,0.0,0.0,0.0,0.0,0.0,0.0,0.0
"ASV_50",0.0,0.0,0.0,0.0,0.0,0.0,0.0,0.0,0.0,0.0,0.0,0.0,0.11621621621621622,0.0,0.0,0.0,0.0,0.0,0.0,0.0,0.0,0.0,0.0,0.0
"ASV_51",0.0,0.0,0.004327066547299314,0.006513841914067393,0.0,0.0,0.012396694214876033,0.0,0.0,0.0,0.0,0.021203155818540435,0.0,0.0,0.0,0.0,0.0,0.013175675675675676,0.008021020605725349,0.0,0.004396409598827624,0.0,0.0,0.0053789731051344745
"ASV_52",0.0,0.0,0.025663980901223515,0.0,0.0,0.0,0.0,0.0,0.0,0.0,0.0,0.0,0.019189189189189187,0.0,0.0,0.0,0.0,0.0,0.0,0.0,0.0,0.0,0.0,0.0
"ASV_53",0.0,0.0,0.0,0.0,0.0,0.0,0.0,0.006421834236403773,0.0,0.0,0.0,0.0,0.0,0.033254716981132075,0.0,0.0,0.0,0.0,0.0,0.0,0.0,0.021961295933898672,0.0,0.0
"ASV_54",0.0,0.0,0.0,0.0,0.0,0.0,0.0,0.036122817579771226,0.021268586485977792,0.0,0.01267318225754484,0.0,0.0,0.0,0.0,0.0,0.0,0.0,0.0,0.0,0.0,0.0,0.0,0.0
"ASV_55",0.0,0.0,0.0,0.0,0.0,0.0,0.0,0.0,0.0,0.0,0.0,0.0,0.0,0.0,0.0,0.0,0.0,0.0,0.0,0.0,0.07290712584722477,0.0,0.0,0.0
"ASV_56",0.0,0.0,0.01977021784541928,0.0,0.0,0.0,0.0,0.0,0.0,0.0,0.0,0.0,0.0,0.0,0.0,0.0,0.0,0.0,0.011754943991149219,0.0,0.0,0.0091324200913242,0.0,0.0
"ASV_57",0.0,0.0,0.0,0.0,0.0,0.0,0.0,0.0,0.0,0.0,0.0,0.0,0.033783783783783786,0.031132075471698113,0.0,0.0,0.0,0.0,0.0,0.0,0.0,0.0,0.0,0.0
"ASV_58",0.0,0.0,0.0,0.0,0.0,0.0,0.0,0.0762592815572948,0.0,0.0,0.0,0.0,0.0,0.0,0.0,0.0,0.0,0.0,0.0,0.0,0.0,0.0,0.0,0.0
"ASV_59",0.0,0.0,0.0,0.0,0.0,0.0,0.0,0.0,0.0,0.0,0.0,0.0,0.0,0.0,0.0,0.06812828410944012,0.0,0.0,0.0,0.0,0.0,0.0,0.0,0.0
"ASV_60",0.0,0.0,0.0,0.0,0.0,0.0,0.0,0.0,0.005458309806135893,0.020101663585951942,0.0,0.0,0.01108108108108108,0.0,0.0,0.0,0.0,0.0,0.0,0.028449820788530467,0.015021066129327717,0.0,0.0,0.0
"ASV_61",0.0,0.0,0.0,0.0,0.0,0.0,0.0,0.0,0.0,0.0,0.0,0.0,0.0,0.0,0.0,0.0,0.0,0.12331081081081081,0.0,0.0,0.0,0.0,0.0,0.0
"ASV_62",0.0,0.009007205764611689,0.0,0.0,0.0,0.0,0.0,0.016857314870559904,0.004705439488048184,0.0,0.004618193534529052,0.0,0.0,0.0018867924528301887,0.0,0.0,0.0,0.0,0.02005255151431337,0.0,0.0,0.0,0.0,0.0
"ASV_63",0.0,0.0,0.0040286481647269475,0.0,0.0,0.0,0.0,0.056592414208308246,0.0,0.0,0.0,0.0,0.0,0.0,0.0,0.0,0.0,0.0,0.0,0.0,0.0,0.0,0.0,0.0
"ASV_64",0.0,0.0,0.0,0.0,0.0,0.0,0.0,0.0,0.0,0.0,0.0,0.0,0.0,0.0,0.0,0.060699402065591594,0.0,0.0,0.0,0.0,0.0,0.0,0.0,0.0
"ASV_65",0.0,0.06625300240192154,0.0,0.0,0.0,0.0,0.0,0.0,0.0,0.0,0.0,0.0,0.0,0.0,0.0,0.0,0.0,0.0,0.0,0.0,0.0,0.0,0.0,0.0
"ASV_66",0.0,0.0,0.0,0.0,0.0,0.0,0.0,0.0,0.0,0.0,0.0,0.0,0.0,0.0,0.005116058739933681,0.0,0.0,0.0,0.0378924076891163,0.0,0.0,0.0,0.0,0.0
"ASV_67",0.0,0.0,0.0,0.028435425278717275,0.0,0.0,0.0,0.0,0.0,0.0,0.0,0.0,0.0,0.01179245283018868,0.0,0.0,0.0,0.0,0.0,0.0,0.0,0.0,0.0,0.0
"ASV_68",0.0,0.0,0.0,0.0,0.0,0.0,0.0,0.0,0.0,0.0,0.0,0.0,0.0,0.0,0.018948365703458078,0.022830222866461317,0.0,0.0,0.0,0.0,0.0,0.0,0.0,0.0
"ASV_69",0.0,0.0,0.0,0.0,0.0,0.0,0.0,0.0,0.0,0.0,0.0,0.0,0.0,0.02830188679245283,0.0,0.0,0.0,0.0,0.0,0.0,0.015570617329181169,0.0,0.0,0.0
"ASV_70",0.0,0.004203362690152122,0.0,0.009520230489790806,0.0,0.0,0.0,0.0,0.0,0.010166358595194085,0.004510793684888841,0.0,0.0,0.0,0.0,0.0,0.0,0.0,0.0,0.014336917562724014,0.011357391463638029,0.0,0.0,0.0
"ASV_71",0.0,0.0,0.0,0.0,0.0,0.0,0.03273998728544183,0.0,0.0,0.0,0.0,0.0,0.0,0.0,0.0,0.0,0.0,0.0,0.0,0.0,0.0,0.0,0.0,0.0
"ASV_72",0.0,0.0,0.02208296031035512,0.0,0.0,0.0,0.0,0.0,0.0,0.0,0.0,0.0,0.0,0.0,0.0,0.0,0.0,0.0,0.0,0.0,0.0,0.0,0.0,0.0
"ASV_73",0.0,0.0,0.018203521336914354,0.0,0.0,0.0,0.0,0.0,0.0,0.0,0.0,0.0,0.0,0.0,0.0,0.0,0.0,0.0,0.0,0.0,0.0,0.011306805827353772,0.0,0.0
"ASV_74",0.0,0.0,0.021933751119068933,0.0,0.0,0.0,0.0,0.0,0.0,0.0,0.0,0.0,0.0,0.0,0.0,0.0,0.0,0.0,0.0,0.0,0.0,0.0,0.0,0.0
"ASV_75",0.0,0.0,0.0,0.0,0.0,0.0,0.0,0.0,0.0,0.0,0.0,0.0,0.0,0.012853773584905661,0.0,0.0,0.0,0.0,0.0,0.037410394265232974,0.0,0.0,0.0,0.0
"ASV_76",0.0,0.0,0.0,0.0,0.0,0.0,0.0,0.0,0.0,0.0,0.02932015895177747,0.0,0.0,0.0,0.0,0.0,0.0,0.0,0.0,0.0,0.0,0.0,0.0,0.0
"ASV_77",0.0,0.0,0.0,0.0,0.0,0.0,0.0,0.0,0.014492753623188406,0.0,0.020835570830200836,0.0,0.0,0.0,0.0,0.0,0.0,0.0,0.0,0.0,0.0,0.0,0.0,0.0
"ASV_78",0.0,0.0,0.0,0.0,0.0,0.0,0.0,0.0,0.0,0.0,0.028890559553216625,0.0,0.0,0.0,0.0,0.0,0.0,0.0,0.0,0.0,0.0,0.0,0.0,0.0
"ASV_79",0.0,0.0,0.0,0.011399223349617939,0.020702709097361882,0.0,0.0,0.0,0.0,0.0,0.0,0.0,0.0,0.0,0.0,0.0,0.0,0.0,0.0,0.0,0.0,0.0,0.0,0.0
"ASV_80",0.0,0.0,0.0,0.0,0.0,0.0,0.0,0.0,0.0,0.0,0.0,0.0,0.0,0.0,0.0,0.0,0.03863987635239567,0.0,0.03291384317521781,0.0,0.0,0.0,0.0,0.0
"ASV_81",0.02256052824651504,0.0,0.0,0.016910935738444193,0.0,0.0,0.0,0.0,0.0,0.0,0.0,0.0,0.0,0.0,0.0,0.0,0.0,0.0,0.0,0.0,0.0,0.0,0.0,0.0
"ASV_82",0.0,0.0,0.0,0.0311912814731304,0.0,0.0,0.0,0.0,0.0,0.0,0.0,0.0,0.0,0.0,0.0,0.0,0.0,0.0,0.0,0.0,0.0,0.0,0.0,0.0
"ASV_83",0.0,0.0,0.01850193971948672,0.0,0.0,0.0,0.0,0.0,0.0,0.0,0.0,0.0,0.0,0.0,0.0,0.0,0.0,0.0,0.0,0.0,0.0,0.0,0.0,0.0
"ASV_84",0.0,0.0,0.0,0.0,0.0,0.0,0.0,0.0,0.0,0.0,0.0,0.0,0.0,0.0,0.0,0.0,0.0,0.0,0.0,0.016801075268817203,0.03169078585821579,0.0,0.0,0.0
"ASV_85",0.0,0.0,0.0,0.0,0.0,0.0,0.0,0.0,0.0,0.0,0.022553968424444206,0.0,0.0,0.0036556603773584906,0.0,0.0,0.0,0.0,0.0,0.0,0.0,0.0,0.0,0.0
"ASV_86",0.0,0.0,0.017606684571769622,0.0,0.0,0.0,0.0,0.0,0.0,0.0,0.0,0.0,0.0,0.0,0.0,0.0,0.0,0.0,0.0,0.0,0.0,0.0,0.0,0.0
"ASV_87",0.0,0.0,0.0,0.009645496680445948,0.0,0.0,0.0,0.0026088701585390327,0.0035761340109166195,0.01756007393715342,0.001503597894962947,0.0,0.0,0.0,0.0,0.0,0.0,0.0,0.0,0.006048387096774193,0.0,0.0,0.0,0.0
"ASV_88",0.0,0.04483586869495596,0.0,0.0,0.0,0.0,0.0,0.0,0.0,0.0,0.0,0.0,0.0,0.0,0.0,0.0,0.0,0.0,0.0,0.0,0.0,0.0,0.0,0.0
"ASV_89",0.0,0.03182546036829464,0.0,0.0,0.0,0.0,0.0,0.0,0.0,0.0,0.0,0.0,0.013513513513513514,0.0,0.0,0.0,0.0,0.0,0.0,0.0,0.0,0.0,0.0,0.0
"ASV_90",0.0,0.0,0.0,0.0,0.0,0.0,0.0,0.0,0.0,0.0,0.0,0.0,0.0,0.0,0.0,0.0,0.0,0.0,0.0,0.046370967741935484,0.0,0.0,0.0,0.0
"ASV_91",0.0,0.0,0.0,0.0,0.004613746598840648,0.0,0.004026276753549481,0.0,0.0,0.0,0.0,0.0,0.0,0.0,0.0,0.008878420003623846,0.0,0.0,0.0,0.0,0.0,0.0,0.013803680981595092,0.0
"ASV_92",0.0,0.0,0.0,0.0,0.0,0.0,0.018753973299427844,0.0,0.003952569169960474,0.0,0.0,0.0,0.0,0.0,0.0,0.0,0.0,0.0,0.0,0.0,0.0,0.0,0.0,0.0
"ASV_93",0.015957446808510637,0.0,0.0,0.0,0.0,0.0,0.0,0.0,0.0,0.0,0.0,0.0,0.0,0.0,0.0,0.0,0.0,0.0,0.0,0.0,0.0,0.02370080452272233,0.0,0.0
"ASV_94",0.0,0.0,0.01432408236347359,0.0,0.0,0.0,0.0,0.0,0.0,0.0,0.0,0.0,0.0,0.0,0.0,0.0,0.0,0.0,0.0,0.0,0.0,0.0,0.0,0.0
"ASV_95",0.0,0.0,0.0,0.0,0.0,0.0,0.0,0.0,0.0,0.0,0.0,0.0,0.0,0.0,0.0,0.0,0.0,0.0,0.02627575715668649,0.0,0.0,0.0,0.0,0.0
"ASV_96",0.0,0.0,0.0,0.007641237629963673,0.0,0.0,0.0,0.007425245835841862,0.0,0.006469500924214418,0.0064439909784126306,0.0,0.0,0.0,0.0,0.0,0.0,0.0,0.0,0.0,0.0,0.0,0.0,0.0
"ASV_97",0.0,0.0,0.003133393017009848,0.017412000501064763,0.0,0.0,0.0,0.0,0.0,0.0,0.0,0.0,0.0,0.0,0.0,0.0,0.0,0.0,0.0,0.0,0.0,0.0,0.0,0.0
"ASV_98",0.0,0.0,0.0,0.0,0.0,0.0,0.0,0.0,0.0,0.0,0.0,0.0,0.0,0.0,0.0,0.0,0.0,0.0,0.0,0.0,0.032606704524638215,0.0,0.0,0.0
"ASV_99",0.0,0.0,0.0,0.0,0.0,0.0,0.0,0.0,0.0,0.0,0.0,0.0,0.0,0.0,0.0,0.0052545751041855404,0.0,0.0,0.0,0.0,0.0,0.0,0.0,0.0241238793806031
"ASV_100",0.03173147468818782,0.0,0.0,0.0,0.0,0.0,0.0,0.0,0.0,0.0,0.0,0.0,0.0,0.0,0.0,0.0,0.0,0.0,0.0,0.0,0.0,0.0,0.0,0.0
"ASV_101",0.0,0.0,0.0,0.0,0.0,0.0,0.0,0.0,0.017692452475061172,0.0,0.007840189023735367,0.0,0.0,0.0,0.0,0.0,0.0,0.0,0.0,0.0,0.0,0.0,0.0,0.0
"ASV_102",0.0,0.0,0.0,0.0,0.0,0.0,0.017376562831108285,0.0,0.0,0.0,0.0,0.0,0.0,0.0,0.0,0.0,0.0,0.0,0.0,0.0,0.0,0.0,0.0,0.0
"ASV_103",0.0,0.0,0.01201133989853775,0.0,0.0,0.0,0.0,0.0,0.0,0.0,0.0,0.0,0.0,0.0,0.0,0.0,0.0,0.0,0.0,0.0,0.0,0.0,0.0,0.0
"ASV_104",0.0,0.0,0.0,0.0,0.0,0.0,0.0,0.0,0.00639939770374553,0.011090573012939002,0.008377188271936419,0.0,0.0,0.0,0.0,0.0,0.0,0.0,0.0,0.0,0.0,0.0,0.0,0.0
"ASV_105",0.0,0.0,0.0,0.0,0.0,0.0,0.0,0.0,0.0,0.0,0.0,0.0,0.0,0.0,0.0,0.0,0.0,0.0,0.008574194440602959,0.008512544802867384,0.00842645173108628,0.0,0.0,0.0
"ASV_106",0.0,0.018414731785428344,0.0,0.0,0.0,0.0,0.0,0.0,0.0,0.0,0.0,0.0,0.0,0.0,0.0,0.0,0.0,0.0,0.0,0.011648745519713262,0.0,0.0,0.0,0.0
"ASV_107",0.0,0.0,0.0,0.0,0.01632556488820537,0.0,0.0,0.0,0.0,0.0,0.0,0.0,0.0,0.0,0.0,0.0,0.0,0.0,0.0,0.0,0.0,0.0,0.0,0.0
"ASV_108",0.0,0.0,0.0,0.0,0.01360463740683781,0.0,0.0,0.0,0.0,0.0,0.0,0.0,0.0,0.0,0.0,0.0,0.0,0.0,0.0,0.0,0.0,0.0,0.004026073619631902,0.0
"ASV_109",0.0,0.0,0.0,0.0,0.0,0.0,0.0,0.0,0.0,0.0,0.0,0.0,0.0,0.007075471698113208,0.0,0.0,0.0,0.0,0.010510302862674596,0.0,0.0,0.0,0.0,0.0
"ASV_110",0.0,0.0,0.0,0.0,0.0,0.0,0.0,0.0,0.0,0.0,0.014498979701428417,0.0,0.0,0.0,0.0,0.0,0.0,0.0,0.0,0.0,0.0,0.0,0.0,0.0
"ASV_111",0.0,0.0,0.0,0.007265439057998246,0.0,0.0,0.0,0.0,0.0,0.0,0.0,0.0,0.0,0.0,0.0,0.0,0.0,0.0,0.0,0.0,0.0,0.015873015873015872,0.0,0.0
"ASV_112",0.0,0.0,0.0,0.0,0.0,0.0,0.0,0.0,0.017692452475061172,0.0,0.0039737944366877885,0.0,0.0,0.0,0.0,0.0,0.0,0.0,0.0,0.0,0.0,0.0,0.0,0.0
"ASV_113",0.0,0.0,0.0,0.0,0.0,0.0,0.0,0.0,0.0,0.0,0.0,0.0,0.0,0.0,0.0,0.023736184091320892,0.0,0.0,0.0,0.0,0.0,0.0,0.0,0.0
"ASV_114",0.023661041819515775,0.0,0.0,0.0,0.0,0.0,0.0,0.0,0.0,0.0,0.0,0.0,0.0,0.0,0.0,0.0,0.0,0.0,0.0,0.0,0.0,0.0,0.0,0.0
"ASV_115",0.0,0.0,0.0,0.0,0.0,0.0,0.0,0.0,0.013739883305100696,0.0,0.006014391579851788,0.0,0.0,0.0,0.0,0.0,0.0,0.0,0.0,0.0,0.0,0.0,0.0,0.0
"ASV_116",0.0,0.0,0.00925096985974336,0.0,0.0,0.0,0.0,0.0,0.0,0.0,0.0,0.0,0.0,0.0,0.0,0.0,0.0,0.0,0.0,0.0,0.0,0.0,0.0,0.0
"ASV_117",0.0,0.0,0.006042972247090421,0.0,0.0,0.0,0.0,0.0,0.0,0.0,0.0,0.0,0.01,0.0,0.0,0.0,0.0,0.0,0.0,0.0,0.0,0.0,0.0,0.0
"ASV_118",0.0,0.0,0.0,0.0,0.0,0.0,0.0,0.0,0.0,0.0,0.0,0.05719921104536489,0.0,0.0,0.0,0.0,0.0,0.0,0.0,0.0,0.0,0.0,0.0,0.0
"ASV_119",0.0,0.0,0.008579528498955536,0.0,0.0,0.0,0.0,0.0,0.0,0.0,0.0,0.0,0.0,0.0,0.0,0.0,0.0,0.0,0.0,0.0,0.0,0.0,0.0,0.0
"ASV_120",0.0,0.0,0.008355714712026261,0.0,0.0,0.0,0.0,0.0,0.0,0.0,0.0,0.0,0.0,0.0,0.0,0.0,0.0,0.0,0.0,0.0,0.0,0.0,0.0,0.0
"ASV_121",0.0,0.0,0.008355714712026261,0.0,0.0,0.0,0.0,0.0,0.0,0.0,0.0,0.0,0.0,0.0,0.0,0.0,0.0,0.0,0.0,0.0,0.0,0.0,0.0,0.0
"ASV_122",0.0,0.0,0.0,0.0,0.0,0.0,0.0,0.0,0.0,0.0,0.0,0.0,0.022702702702702703,0.0,0.0,0.0,0.0,0.0,0.0,0.0062724014336917565,0.0,0.0,0.0,0.0
"ASV_123",0.0,0.0,0.0,0.0,0.0,0.0,0.0,0.0,0.0,0.0,0.009558586617978735,0.0,0.0,0.0,0.0,0.0,0.0,0.0,0.0,0.0,0.0,0.0,0.004217791411042945,0.0
"ASV_124",0.0,0.0,0.0,0.0,0.0,0.0,0.0,0.0,0.0,0.0,0.001718397594243368,0.04684418145956608,0.0,0.0,0.0,0.0,0.0,0.0,0.0,0.0,0.0,0.0,0.0,0.0
"ASV_125",0.0,0.008606885508406725,0.0,0.0,0.0,0.0,0.0,0.0,0.0,0.0,0.0,0.0,0.0,0.007783018867924528,0.0,0.0,0.0,0.0,0.0,0.0,0.0,0.0,0.0,0.0
"ASV_126",0.0,0.0,0.0,0.0,0.0,0.0,0.0,0.0,0.0,0.0,0.011599183761142735,0.0,0.0,0.0,0.0,0.0,0.0,0.0,0.0,0.0,0.0,0.0,0.0,0.0
"ASV_127",0.0,0.0,0.0,0.0,0.0,0.0,0.0,0.0,0.0,0.0,0.0,0.0,0.0,0.0,0.0,0.01920637796702301,0.0,0.0,0.0,0.0,0.0,0.0,0.0,0.0
"ASV_128",0.0,0.0,0.0,0.013152950018789928,0.0,0.0,0.0,0.0,0.0,0.0,0.0,0.0,0.0,0.0,0.0,0.0,0.0,0.0,0.0,0.0,0.0,0.0,0.0,0.0
"ASV_129",0.0,0.0,0.0,0.0,0.0,0.0,0.0,0.0,0.0,0.013863216266173753,0.003436795188486736,0.0,0.0,0.0,0.0,0.0,0.0,0.0,0.0,0.0,0.001648653599560359,0.0,0.0,0.0
"ASV_130",0.0,0.0,0.0,0.0,0.0,0.0,0.010595465140919686,0.0,0.0,0.0,0.0,0.0,0.0,0.0,0.0,0.0,0.0,0.0,0.0,0.0,0.0,0.0,0.0,0.0
"ASV_131",0.0,0.0,0.007236645777379887,0.0,0.0,0.0,0.0,0.0,0.0,0.0,0.0,0.0,0.0,0.0,0.0,0.0,0.0,0.0,0.0,0.0,0.0,0.0,0.0,0.0
"ASV_132",0.0,0.0,0.0,0.0,0.0,0.0,0.0,0.0,0.0,0.0,0.0,0.0,0.0,0.0,0.0,0.0,0.0,0.0,0.0,0.0,0.0,0.011524244400956729,0.00843558282208589,0.0
"ASV_133",0.0,0.0,0.007162041181736795,0.0,0.0,0.0,0.0,0.0,0.0,0.0,0.0,0.0,0.0,0.0,0.0,0.0,0.0,0.0,0.0,0.0,0.0,0.0,0.0,0.0
"ASV_134",0.0,0.0,0.0,0.0,0.0,0.0,0.0,0.018663455749548464,0.0,0.0,0.0,0.0,0.0,0.0,0.0,0.0,0.0,0.0,0.0,0.0,0.0,0.0,0.0,0.0
"ASV_135",0.0,0.0050040032025620495,0.0,0.0,0.0,0.0,0.0,0.0,0.0,0.0,0.0,0.0,0.0,0.0,0.0,0.0,0.0,0.0,0.0,0.008288530465949821,0.00549551199853453,0.0,0.0,0.0
"ASV_136",0.0,0.0,0.0,0.0,0.0,0.0,0.00974782792964611,0.0,0.0,0.0,0.0,0.0,0.0,0.0,0.0,0.0,0.0,0.0,0.0,0.0,0.0,0.0,0.0,0.0
"ASV_137",0.0,0.0,0.0,0.0,0.0,0.0,0.0,0.0,0.0,0.02033271719038817,0.0,0.0,0.0,0.0,0.0,0.0,0.0,0.0,0.0,0.0,0.0,0.0,0.0,0.0
"ASV_138",0.0,0.0,0.006266786034019696,0.0,0.0,0.0,0.0,0.0,0.0,0.0,0.0,0.0,0.0,0.0,0.0,0.0,0.0,0.0,0.0,0.0,0.0,0.0,0.0,0.0
"ASV_139",0.0,0.0,0.0,0.01027182763372166,0.0,0.0,0.0,0.0,0.0,0.0,0.0,0.0,0.0,0.0,0.0,0.0,0.0,0.0,0.0,0.0,0.0,0.0,0.0,0.0
"ASV_140",0.0,0.0,0.0,0.0,0.0,0.0,0.0019071837253655435,0.0,0.0,0.0,0.0,0.0,0.0,0.0,0.0,0.0,0.0,0.0,0.0,0.0,0.005861879465103499,0.0,0.002875766871165644,0.0027709861450692748
"ASV_141",0.0,0.0,0.0,0.0,0.0,0.0,0.0,0.0,0.0,0.0,0.0,0.0,0.0,0.0,0.0,0.0,0.0,0.0,0.0,0.0,0.0,0.0,0.015529141104294479,0.0
"ASV_142",0.0,0.0,0.005968367651447329,0.0,0.0,0.0,0.0,0.0,0.0,0.0,0.0,0.0,0.0,0.0,0.0,0.0,0.0,0.0,0.0,0.0,0.0,0.0,0.0,0.0
"ASV_143",0.0,0.0,0.005595344673231871,0.0,0.0,0.0,0.0,0.0,0.0,0.0,0.0,0.0,0.0,0.0,0.0,0.0,0.0,0.0,0.0,0.0,0.0,0.0,0.0,0.0
"ASV_144",0.0,0.0,0.0,0.0,0.0,0.0,0.0,0.0,0.0,0.0,0.0,0.0,0.0,0.0,0.0,0.0,0.0,0.0,0.0,0.0,0.0,0.0017395085888236572,0.012845092024539878,0.0
"ASV_145",0.0,0.0,0.005446135481945688,0.0,0.0,0.0,0.0,0.0,0.0,0.0,0.0,0.0,0.0,0.0,0.0,0.0,0.0,0.0,0.0,0.0,0.0,0.0,0.0,0.0
"ASV_146",0.0,0.0,0.0,0.0,0.0,0.0,0.0,0.0,0.0,0.0,0.0,0.0,0.0,0.0,0.0,0.0,0.0,0.0,0.0,0.0,0.0,0.0,0.0,0.011572942135289324
"ASV_147",0.0,0.0,0.005147717099373322,0.0,0.0,0.0,0.0,0.0,0.0,0.0,0.0,0.0,0.0,0.0,0.0,0.0,0.0,0.0,0.0,0.0,0.0,0.0,0.0,0.0
"ASV_148",0.0,0.0,0.0,0.0,0.0,0.0,0.007310870947234584,0.0,0.0,0.0,0.0,0.0,0.0,0.0,0.0,0.0,0.0,0.0,0.0,0.0,0.0,0.0,0.0,0.0
"ASV_149",0.0,0.0,0.0,0.0,0.0,0.0,0.0,0.0,0.012987012987012988,0.0,0.0,0.0,0.0,0.0,0.0,0.0,0.0,0.0,0.0,0.0,0.0,0.0,0.0,0.0
"ASV_150",0.0,0.0,0.0,0.0,0.0,0.0,0.0,0.0,0.0,0.0,0.0,0.0,0.0,0.0,0.0,0.0,0.0,0.0,0.0,0.0,0.0,0.0,0.0,0.011246943765281174
"ASV_151",0.0,0.0,0.0,0.0,0.0,0.0,0.0,0.013646397752358017,0.0,0.0,0.0,0.0,0.0,0.0,0.0,0.0,0.0,0.0,0.0,0.0,0.0,0.0,0.0,0.0
"ASV_152",0.01210564930300807,0.0,0.0,0.0,0.0,0.0,0.0,0.0,0.0,0.0,0.0,0.0,0.0,0.0,0.0,0.0,0.0,0.0,0.0,0.0,0.0,0.0,0.0,0.0
"ASV_153",0.0,0.0,0.0,0.008267568583239383,0.0,0.0,0.0,0.0,0.0,0.0,0.0,0.0,0.0,0.0,0.0,0.0,0.0,0.0,0.0,0.0,0.0,0.0,0.0,0.0
"ASV_154",0.0,0.0,0.0,0.0,0.0,0.0,0.0,0.0,0.0,0.0,0.0,0.0,0.0,0.0,0.0,0.0,0.0,0.0,0.0,0.0,0.0,0.0,0.012653374233128834,0.0
"ASV_155",0.0,0.0,0.0,0.0,0.0,0.0,0.0,0.0,0.0,0.0,0.0,0.0,0.0,0.0,0.0,0.0,0.0,0.0,0.0,0.0,0.011906942663491482,0.0,0.0,0.0
"ASV_156",0.0,0.0,0.00462548492987168,0.0,0.0,0.0,0.0,0.0,0.0,0.0,0.0,0.0,0.0,0.0,0.0,0.0,0.0,0.0,0.0,0.0,0.0,0.0,0.0,0.0
"ASV_157",0.0,0.0,0.0,0.0,0.0,0.0,0.0,0.0,0.0,0.0,0.0,0.0,0.0,0.0,0.0,0.0,0.0,0.0,0.0,0.0,0.011357391463638029,0.0,0.0,0.0
"ASV_158",0.0,0.0,0.004476275738585497,0.0,0.0,0.0,0.0,0.0,0.0,0.0,0.0,0.0,0.0,0.0,0.0,0.0,0.0,0.0,0.0,0.0,0.0,0.0,0.0,0.0
"ASV_159",0.0,0.0,0.0,0.0,0.0,0.0,0.0,0.0,0.0,0.010859519408502773,0.0013961980453227366,0.0,0.0,0.0,0.0,0.0,0.0,0.0,0.0,0.0,0.0,0.0,0.0,0.0
"ASV_160",0.0,0.0,0.0,0.0,0.0,0.0,0.0,0.0,0.0,0.0,0.0,0.0,0.0,0.0,0.0,0.010690342453342997,0.0,0.0,0.0,0.0,0.0,0.0,0.0,0.0
"ASV_161",0.0,0.0,0.0,0.001503194287861706,0.0,0.0,0.0,0.0,0.0,0.0,0.0,0.0,0.005675675675675676,0.0,0.0,0.0,0.0,0.0,0.0,0.005600358422939068,0.0,0.0,0.0,0.0
"ASV_162",0.0,0.0,0.0,0.0,0.0,0.0,0.006039415130324221,0.0,0.0,0.0,0.0,0.0,0.0,0.0,0.0,0.0,0.0,0.0,0.0,0.0,0.0,0.0,0.0,0.0
"ASV_163",0.0,0.0,0.0,0.0,0.0,0.0,0.0,0.0,0.004893657067570111,0.007162661737523105,0.0,0.0,0.0,0.0,0.0,0.0,0.0,0.0,0.0,0.0,0.0,0.0,0.0,0.0
"ASV_164",0.0,0.0,0.0,0.0,0.0,0.0,0.0,0.0,0.0,0.0,0.0,0.028106508875739646,0.0,0.0,0.0,0.0,0.0,0.0,0.0,0.0,0.0,0.0,0.0,0.0
"ASV_165",0.0,0.0,0.0,0.0,0.0,0.0,0.0,0.0,0.0,0.0,0.0,0.0,0.015405405405405406,0.0,0.0,0.0,0.0,0.0,0.0,0.0,0.0,0.0,0.0,0.0
"ASV_166",0.0,0.0,0.0,0.0,0.0,0.0,0.0,0.0,0.0,0.0,0.006014391579851788,0.0,0.0,0.0,0.0,0.0,0.0,0.0,0.0,0.0,0.0,0.0,0.0,0.0
"ASV_167",0.0,0.0,0.0,0.0,0.0,0.0,0.0,0.0,0.0,0.0,0.005906991730211577,0.0,0.0,0.0,0.0,0.0,0.0,0.0,0.0,0.0,0.0,0.0,0.0,0.0
"ASV_168",0.0,0.0,0.0,0.0,0.0,0.0,0.0,0.0,0.0,0.0,0.0,0.0,0.0,0.0,0.0,0.009965573473455336,0.0,0.0,0.0,0.0,0.0,0.0,0.0,0.0
"ASV_169",0.0,0.0,0.0,0.0,0.0,0.0,0.0,0.0,0.0,0.0,0.0,0.0,0.0,0.0,0.0,0.0,0.0,0.0,0.0,0.0,0.01007510533064664,0.0,0.0,0.0
"ASV_170",0.0,0.0,0.0040286481647269475,0.0,0.0,0.0,0.0,0.0,0.0,0.0,0.0,0.0,0.0,0.0,0.0,0.0,0.0,0.0,0.0,0.0,0.0,0.0,0.0,0.0
"ASV_171",0.0,0.0,0.0,0.006764374295377677,0.0,0.0,0.0,0.0,0.0,0.0,0.0,0.0,0.0,0.0,0.0,0.0,0.0,0.0,0.0,0.0,0.0,0.0,0.0,0.0
"ASV_172",0.0,0.0,0.0,0.0,0.0,0.0,0.00572155117609663,0.0,0.0,0.0,0.0,0.0,0.0,0.0,0.0,0.0,0.0,0.0,0.0,0.0,0.0,0.0,0.0,0.0
"ASV_173",0.0,0.0,0.0,0.0,0.0,0.0,0.0,0.010836845273931367,0.0,0.0,0.0,0.0,0.0,0.0,0.0,0.0,0.0,0.0,0.0,0.0,0.0,0.0,0.0,0.0
"ASV_174",0.0,0.0,0.0,0.0,0.0,0.0,0.0,0.0,0.0,0.0,0.0,0.0,0.0,0.0,0.0,0.0,0.0,0.0,0.0,0.0,0.0,0.011524244400956729,0.0,0.0
"ASV_175",0.0,0.0,0.003879438973440764,0.0,0.0,0.0,0.0,0.0,0.0,0.0,0.0,0.0,0.0,0.0,0.0,0.0,0.0,0.0,0.0,0.0,0.0,0.0,0.0,0.0
"ASV_176",0.0,0.007205764611689352,0.0,0.0,0.0,0.0,0.0,0.0,0.0,0.003234750462107209,0.0,0.0,0.0,0.0,0.0,0.0,0.0,0.0,0.0,0.0,0.0,0.0,0.0,0.0
"ASV_177",0.0,0.0,0.003655625186511489,0.0,0.0,0.0,0.0,0.0,0.0,0.0,0.0,0.0,0.0,0.0,0.0,0.0,0.0,0.0,0.0,0.0,0.0,0.0,0.0,0.0
"ASV_178",0.0,0.0,0.0,0.0,0.0,0.0,0.0,0.0,0.0,0.0,0.0,0.0,0.0,0.0,0.0,0.0,0.0,0.0,0.006776379477250726,0.0,0.0,0.0,0.0,0.0
"ASV_179",0.0,0.0,0.0,0.0,0.0,0.0,0.0,0.00963275135460566,0.0,0.0,0.0,0.0,0.0,0.0,0.0,0.0,0.0,0.0,0.0,0.0,0.0,0.0,0.0,0.0
"ASV_180",0.0,0.0,0.0,0.0,0.0,0.0,0.0,0.0,0.0,0.0,0.0,0.0,0.012972972972972972,0.0,0.0,0.0,0.0,0.0,0.0,0.0,0.0,0.0,0.0,0.0
"ASV_181",0.0,0.0,0.003506415995225306,0.0,0.0,0.0,0.0,0.0,0.0,0.0,0.0,0.0,0.0,0.0,0.0,0.0,0.0,0.0,0.0,0.0,0.0,0.0,0.0,0.0
"ASV_182",0.0,0.0,0.0034318113995822144,0.0,0.0,0.0,0.0,0.0,0.0,0.0,0.0,0.0,0.0,0.0,0.0,0.0,0.0,0.0,0.0,0.0,0.0,0.0,0.0,0.0
"ASV_183",0.0,0.0,0.0016413011041480155,0.0,0.0,0.0,0.0,0.0,0.0,0.0,0.0,0.0,0.0,0.0,0.0,0.0,0.0,0.0,0.0,0.0,0.004396409598827624,0.0,0.0,0.0
"ASV_184",0.0,0.0,0.0,0.0,0.0,0.0,0.0,0.0,0.0,0.0,0.0,0.0,0.012432432432432432,0.0,0.0,0.0,0.0,0.0,0.0,0.0,0.0,0.0,0.0,0.0
"ASV_185",0.0,0.0,0.0,0.0,0.0,0.0,0.0,0.0,0.0,0.0,0.0,0.0,0.0,0.0,0.0,0.0,0.0,0.0,0.0,0.010080645161290322,0.0,0.0,0.0,0.0
"ASV_186",0.0,0.0,0.0,0.0,0.0,0.0,0.0,0.0,0.0,0.0,0.0,0.0,0.0,0.0,0.0,0.0,0.0,0.0,0.0,0.0,0.0,0.0,0.008627300613496933,0.0
"ASV_187",0.0,0.0028022417934347476,0.0,0.003757985719654265,0.0,0.0,0.0,0.0,0.0,0.0,0.0,0.0,0.0,0.0,0.0,0.0,0.0,0.0,0.0,0.0,0.0,0.0,0.0,0.0
"ASV_188",0.0,0.0,0.0032079976126529394,0.0,0.0,0.0,0.0,0.0,0.0,0.0,0.0,0.0,0.0,0.0,0.0,0.0,0.0,0.0,0.0,0.0,0.0,0.0,0.0,0.0
"ASV_189",0.0,0.0,0.003133393017009848,0.0,0.0,0.0,0.0,0.0,0.0,0.0,0.0,0.0,0.0,0.0,0.0,0.0,0.0,0.0,0.0,0.0,0.0,0.0,0.0,0.0
"ASV_190",0.0,0.0,0.0,0.0,0.0,0.0,0.004450095359186269,0.0,0.0,0.0,0.0,0.0,0.0,0.0,0.0,0.0,0.0,0.0,0.0,0.0,0.0,0.0,0.0,0.0
"ASV_191",0.0,0.0,0.0,0.0,0.0,0.0,0.0,0.0,0.007905138339920948,0.0,0.0,0.0,0.0,0.0,0.0,0.0,0.0,0.0,0.0,0.0,0.0,0.0,0.0,0.0
"ASV_192",0.0,0.0,0.0,0.0,0.0,0.0,0.0,0.0,0.0,0.0,0.0,0.0,0.010810810810810811,0.0,0.0,0.0,0.0,0.0,0.0,0.0,0.0,0.0,0.0,0.0
"ASV_193",0.0,0.0,0.0,0.0,0.0,0.0,0.0,0.0,0.0,0.0,0.0,0.0,0.0,0.0,0.0,0.007247689798876608,0.0,0.0,0.0,0.0,0.0,0.0,0.0,0.0
"ASV_194",0.0,0.0,0.0,0.0,0.0,0.0,0.0,0.0,0.0,0.0,0.0,0.0,0.0,0.0,0.0,0.0,0.0,0.0,0.0,0.0,0.0,0.0,0.0,0.006356968215158924
"ASV_195",0.0,0.0,0.0028349746344374814,0.0,0.0,0.0,0.0,0.0,0.0,0.0,0.0,0.0,0.0,0.0,0.0,0.0,0.0,0.0,0.0,0.0,0.0,0.0,0.0,0.0
"ASV_196",0.0,0.0,0.0,0.0,0.0,0.0,0.004026276753549481,0.0,0.0,0.0,0.0,0.0,0.0,0.0,0.0,0.0,0.0,0.0,0.0,0.0,0.0,0.0,0.0,0.0
"ASV_197",0.0,0.0,0.0,0.0,0.0,0.0,0.0,0.00762592815572948,0.0,0.0,0.0,0.0,0.0,0.0,0.0,0.0,0.0,0.0,0.0,0.0,0.0,0.0,0.0,0.0
"ASV_198",0.0,0.0,0.0,0.0,0.0,0.0,0.0,0.0,0.0,0.0,0.0,0.01873767258382643,0.0,0.0,0.0,0.0,0.0,0.0,0.0,0.0,0.0,0.0,0.0,0.0
"ASV_199",0.0,0.0,0.0,0.004634849054240261,0.0,0.0,0.0,0.0,0.0,0.0,0.0,0.0,0.0,0.0,0.0,0.0,0.0,0.0,0.0,0.0,0.0,0.0,0.0,0.0
"ASV_200",0.0,0.0,0.0,0.004509582863585118,0.0,0.0,0.0,0.0,0.0,0.0,0.0,0.0,0.0,0.0,0.0,0.0,0.0,0.0,0.0,0.0,0.0,0.0,0.0,0.0
"ASV_201",0.0,0.0,0.0,0.0,0.0,0.0,0.003814367450731087,0.0,0.0,0.0,0.0,0.0,0.0,0.0,0.0,0.0,0.0,0.0,0.0,0.0,0.0,0.0,0.0,0.0
"ASV_202",0.0,0.0,0.0,0.0,0.0,0.0,0.0,0.0,0.0,0.0,0.0,0.0,0.0,0.0,0.0,0.0,0.0,0.0,0.004978564513898493,0.0,0.0,0.0,0.0,0.0
"ASV_203",0.0,0.0,0.0,0.0,0.0,0.0,0.0,0.0,0.0,0.0,0.0,0.0,0.0,0.0,0.0,0.0,0.0,0.0,0.0,0.0,0.0,0.0,0.006710122699386503,0.0
"ASV_204",0.0,0.0,0.002536556251865115,0.0,0.0,0.0,0.0,0.0,0.0,0.0,0.0,0.0,0.0,0.0,0.0,0.0,0.0,0.0,0.0,0.0,0.0,0.0,0.0,0.0
"ASV_205",0.0,0.0,0.002536556251865115,0.0,0.0,0.0,0.0,0.0,0.0,0.0,0.0,0.0,0.0,0.0,0.0,0.0,0.0,0.0,0.0,0.0,0.0,0.0,0.0,0.0
"ASV_206",0.0,0.0,0.0,0.0,0.0,0.0,0.0,0.006823198876179009,0.0,0.0,0.0,0.0,0.0,0.0,0.0,0.0,0.0,0.0,0.0,0.0,0.0,0.0,0.0,0.0
"ASV_207",0.0,0.0,0.0,0.0,0.003903939429788241,0.0,0.0,0.0,0.0,0.0,0.0,0.0,0.0,0.0,0.0,0.0,0.0,0.0,0.0,0.0,0.0,0.0,0.0,0.0
"ASV_208",0.0,0.0,0.0,0.0,0.0,0.0,0.0,0.0,0.0,0.0,0.0,0.016272189349112426,0.0,0.0,0.0,0.0,0.0,0.0,0.0,0.0,0.0,0.0,0.0,0.0
"ASV_209",0.0,0.0,0.0,0.0,0.0,0.0,0.0,0.0,0.0,0.0,0.0,0.0,0.00891891891891892,0.0,0.0,0.0,0.0,0.0,0.0,0.0,0.0,0.0,0.0,0.0
"ASV_210",0.0,0.0,0.0,0.0,0.0,0.0,0.0033905488450943,0.0,0.0,0.0,0.0,0.0,0.0,0.0,0.0,0.0,0.0,0.0,0.0,0.0,0.0,0.0,0.0,0.0
"ASV_211",0.0,0.0,0.0,0.0,0.0,0.0,0.0,0.006421834236403773,0.0,0.0,0.0,0.0,0.0,0.0,0.0,0.0,0.0,0.0,0.0,0.0,0.0,0.0,0.0,0.0
"ASV_212",0.0,0.0,0.0,0.0,0.0,0.0,0.0,0.0,0.0,0.0,0.0,0.0,0.0,0.0,0.0,0.0,0.0,0.0,0.0,0.0,0.005861879465103499,0.0,0.0,0.0
"ASV_213",0.0,0.0,0.0,0.003757985719654265,0.0,0.0,0.0,0.0,0.0,0.0,0.0,0.0,0.0,0.0,0.0,0.0,0.0,0.0,0.0,0.0,0.0,0.0,0.0,0.0
"ASV_214",0.0,0.0,0.002163533273649657,0.0,0.0,0.0,0.0,0.0,0.0,0.0,0.0,0.0,0.0,0.0,0.0,0.0,0.0,0.0,0.0,0.0,0.0,0.0,0.0,0.0
"ASV_215",0.0,0.0,0.0,0.0,0.0,0.0,0.0,0.0,0.0,0.0,0.0,0.0,0.0,0.0,0.0,0.0,0.0,0.0,0.0,0.0,0.005312328265250046,0.0,0.0,0.0
"ASV_216",0.0,0.005604483586869495,0.0,0.0,0.0,0.0,0.0,0.0,0.0,0.0,0.0,0.0,0.0,0.0,0.0,0.0,0.0,0.0,0.0,0.0,0.0,0.0,0.0,0.0
"ASV_217",0.0,0.0,0.0,0.0,0.0,0.0,0.0,0.0,0.0,0.0,0.0,0.0,0.0,0.0,0.0,0.0,0.0,0.0,0.0,0.0,0.0,0.0,0.005368098159509203,0.0
"ASV_218",0.0,0.0,0.0,0.0,0.0,0.0,0.002860775588048315,0.0,0.0,0.0,0.0,0.0,0.0,0.0,0.0,0.0,0.0,0.0,0.0,0.0,0.0,0.0,0.0,0.0
"ASV_219",0.0,0.0,0.0,0.0,0.0,0.0,0.002860775588048315,0.0,0.0,0.0,0.0,0.0,0.0,0.0,0.0,0.0,0.0,0.0,0.0,0.0,0.0,0.0,0.0,0.0
"ASV_220",0.0,0.0,0.0,0.0,0.0,0.0,0.0,0.005418422636965683,0.0,0.0,0.0,0.0,0.0,0.0,0.0,0.0,0.0,0.0,0.0,0.0,0.0,0.0,0.0,0.0
"ASV_221",0.0,0.0,0.0,0.0,0.0,0.0,0.0,0.0,0.0,0.0,0.0,0.0,0.0,0.0,0.0008526764566556134,0.0,0.0,0.0,0.0,0.0,0.0,0.0,0.00325920245398773,0.0
"ASV_222",0.0,0.0,0.0018651148910772903,0.0,0.0,0.0,0.0,0.0,0.0,0.0,0.0,0.0,0.0,0.0,0.0,0.0,0.0,0.0,0.0,0.0,0.0,0.0,0.0,0.0
"ASV_223",0.0,0.0,0.0,0.0,0.0,0.0,0.0,0.0,0.0,0.0,0.0,0.0,0.0,0.0,0.0,0.0,0.0,0.0,0.0,0.0,0.0,0.0,0.004792944785276074,0.0
"ASV_224",0.0,0.0,0.0,0.0,0.0,0.0,0.0,0.0,0.0,0.0,0.0,0.0,0.0,0.0,0.0,0.0,0.0,0.007432432432432433,0.0,0.0,0.0,0.0,0.0,0.0
"ASV_225",0.0,0.0,0.0,0.0,0.002484325091683426,0.0,0.0,0.0,0.0,0.0,0.0,0.0,0.0,0.0,0.0,0.0,0.0,0.0,0.0,0.0,0.0,0.0,0.0,0.0
"ASV_226",0.0,0.0,0.0,0.0,0.0,0.011194029850746268,0.0,0.0,0.0,0.0,0.0,0.0,0.0,0.0,0.0,0.0,0.0,0.0,0.0,0.0,0.0,0.0,0.0,0.0
"ASV_227",0.0,0.0,0.0,0.0,0.0,0.0,0.0,0.004214328717639976,0.0,0.0,0.0,0.0,0.0,0.0,0.0,0.0,0.0,0.0,0.0,0.0,0.0,0.0,0.0,0.0
"ASV_228",0.0,0.0,0.0,0.0,0.0,0.0,0.0,0.0,0.0,0.004852125693160813,0.0,0.0,0.0,0.0,0.0,0.0,0.0,0.0,0.0,0.0,0.0,0.0,0.0,0.0
"ASV_229",0.0,0.0,0.0,0.0,0.0,0.0,0.0,0.0,0.0,0.0,0.0022553968424444204,0.0,0.0,0.0,0.0,0.0,0.0,0.0,0.0,0.0,0.0,0.0,0.0,0.0
"ASV_230",0.0,0.0,0.0,0.0,0.0,0.0,0.0,0.0,0.0,0.0,0.0,0.0,0.0,0.0,0.0,0.0,0.0,0.0,0.002904162633107454,0.0,0.0,0.0,0.0,0.0
"ASV_231",0.0,0.0,0.0014174873172187407,0.0,0.0,0.0,0.0,0.0,0.0,0.0,0.0,0.0,0.0,0.0,0.0,0.0,0.0,0.0,0.0,0.0,0.0,0.0,0.0,0.0
"ASV_232",0.0,0.0,0.0,0.0,0.00224772270199929,0.0,0.0,0.0,0.0,0.0,0.0,0.0,0.0,0.0,0.0,0.0,0.0,0.0,0.0,0.0,0.0,0.0,0.0,0.0
"ASV_233",0.0,0.0,0.0,0.0,0.00224772270199929,0.0,0.0,0.0,0.0,0.0,0.0,0.0,0.0,0.0,0.0,0.0,0.0,0.0,0.0,0.0,0.0,0.0,0.0,0.0
"ASV_234",0.0,0.0,0.0,0.0,0.0,0.0,0.0,0.0,0.0035761340109166195,0.0,0.0,0.0,0.0,0.0,0.0,0.0,0.0,0.0,0.0,0.0,0.0,0.0,0.0,0.0
"ASV_235",0.0,0.0,0.0,0.0,0.0,0.0,0.0,0.0,0.0,0.0,0.0,0.0,0.0,0.0,0.0,0.0,0.0,0.0,0.002627575715668649,0.0,0.0,0.0,0.0,0.0
"ASV_236",0.0,0.0,0.0,0.0,0.0,0.0,0.0,0.003612281757977122,0.0,0.0,0.0,0.0,0.0,0.0,0.0,0.0,0.0,0.0,0.0,0.0,0.0,0.0,0.0,0.0
"ASV_237",0.0,0.0,0.0,0.0,0.0,0.0,0.0,0.0,0.0,0.0,0.0,0.0,0.004864864864864865,0.0,0.0,0.0,0.0,0.0,0.0,0.0,0.0,0.0,0.0,0.0
"ASV_238",0.0,0.0,0.0,0.002004259050482275,0.0,0.0,0.0,0.0,0.0,0.0,0.0,0.0,0.0,0.0,0.0,0.0,0.0,0.0,0.0,0.0,0.0,0.0,0.0,0.0
"ASV_239",0.0,0.0,0.0,0.0,0.0,0.0,0.00169527442254715,0.0,0.0,0.0,0.0,0.0,0.0,0.0,0.0,0.0,0.0,0.0,0.0,0.0,0.0,0.0,0.0,0.0
"ASV_240",0.0,0.0,0.0,0.0018789928598271326,0.0,0.0,0.0,0.0,0.0,0.0,0.0,0.0,0.0,0.0,0.0,0.0,0.0,0.0,0.0,0.0,0.0,0.0,0.0,0.0
"ASV_241",0.0,0.0,0.0,0.0,0.0,0.0,0.0,0.0,0.0,0.0,0.0016109977446031576,0.0,0.0,0.0,0.0,0.0,0.0,0.0,0.0,0.0,0.0,0.0,0.0,0.0
"ASV_242",0.0,0.0,0.0,0.0,0.0,0.0,0.0,0.0,0.0,0.0,0.0,0.0,0.0,0.001768867924528302,0.0,0.0,0.0,0.0,0.0,0.0,0.0,0.0,0.0,0.0
"ASV_243",0.0,0.0,0.0010444643390032826,0.0,0.0,0.0,0.0,0.0,0.0,0.0,0.0,0.0,0.0,0.0,0.0,0.0,0.0,0.0,0.0,0.0,0.0,0.0,0.0,0.0
"ASV_244",0.0,0.0,0.0,0.0,0.0,0.0,0.0014833651197287562,0.0,0.0,0.0,0.0,0.0,0.0,0.0,0.0,0.0,0.0,0.0,0.0,0.0,0.0,0.0,0.0,0.0
"ASV_245",0.0,0.0,0.0,0.0,0.0,0.0,0.0,0.0,0.0,0.0,0.001503597894962947,0.0,0.0,0.0,0.0,0.0,0.0,0.0,0.0,0.0,0.0,0.0,0.0,0.0
"ASV_246",0.0,0.0,0.0,0.0,0.0,0.0,0.0,0.0,0.0,0.0,0.0,0.0,0.0,0.0,0.0,0.0,0.0,0.0,0.0,0.0,0.0025645722659827807,0.0,0.0,0.0
"ASV_247",0.0,0.0,0.000969859743360191,0.0,0.0,0.0,0.0,0.0,0.0,0.0,0.0,0.0,0.0,0.0,0.0,0.0,0.0,0.0,0.0,0.0,0.0,0.0,0.0,0.0
"ASV_248",0.0,0.0024019215372297837,0.0,0.0,0.0,0.0,0.0,0.0,0.0,0.0,0.0,0.0,0.0,0.0,0.0,0.0,0.0,0.0,0.0,0.0,0.0,0.0,0.0,0.0
"ASV_249",0.0,0.0,0.0,0.0,0.0,0.0,0.0,0.002408187838651415,0.0,0.0,0.0,0.0,0.0,0.0,0.0,0.0,0.0,0.0,0.0,0.0,0.0,0.0,0.0,0.0
"ASV_250",0.0,0.0,0.0,0.0,0.0,0.0,0.0,0.0,0.0,0.0,0.0,0.0,0.003243243243243243,0.0,0.0,0.0,0.0,0.0,0.0,0.0,0.0,0.0,0.0,0.0
"ASV_251",0.0,0.0,0.0,0.0,0.0,0.0,0.0,0.0,0.0,0.0,0.0,0.0,0.0,0.0,0.0,0.0,0.0,0.0,0.0,0.0,0.0,0.0,0.0023006134969325155,0.0
"ASV_252",0.0020176082171680116,0.0,0.0,0.0,0.0,0.0,0.0,0.0,0.0,0.0,0.0,0.0,0.0,0.0,0.0,0.0,0.0,0.0,0.0,0.0,0.0,0.0,0.0,0.0
"ASV_253",0.0,0.0,0.0,0.0,0.001301313143262747,0.0,0.0,0.0,0.0,0.0,0.0,0.0,0.0,0.0,0.0,0.0,0.0,0.0,0.0,0.0,0.0,0.0,0.0,0.0
"ASV_254",0.0,0.0,0.0,0.0,0.0,0.0,0.0,0.0,0.002070393374741201,0.0,0.0,0.0,0.0,0.0,0.0,0.0,0.0,0.0,0.0,0.0,0.0,0.0,0.0,0.0
"ASV_255",0.0,0.0,0.0,0.0,0.0,0.0,0.0,0.0,0.0,0.0,0.0,0.0,0.0,0.0,0.0,0.0,0.0,0.0,0.0,0.0,0.0,0.0,0.0,0.0017929910350448248
"ASV_256",0.0,0.0,0.0,0.0,0.0,0.0,0.0,0.0,0.0,0.0,0.0,0.0,0.0,0.0,0.0,0.0,0.0,0.0,0.0013829345871940258,0.0,0.0,0.0,0.0,0.0
"ASV_257",0.0,0.0,0.0,0.0,0.0,0.0,0.0,0.0,0.0,0.0,0.0,0.0,0.0,0.0,0.0,0.0,0.0,0.0,0.0,0.0,0.0,0.0,0.0,0.0016299918500407497
"ASV_258",0.0,0.0,0.0,0.0,0.0,0.0,0.0,0.0,0.0,0.0,0.0,0.0,0.0,0.0,0.0,0.0,0.0,0.0,0.0,0.0,0.0,0.0019569471624266144,0.0,0.0
"ASV_259",0.0,0.0,0.000596836765144733,0.0,0.0,0.0,0.0,0.0,0.0,0.0,0.0,0.0,0.0,0.0,0.0,0.0,0.0,0.0,0.0,0.0,0.0,0.0,0.0,0.0
"ASV_260",0.0,0.0,0.0,0.0,0.0,0.0,0.0,0.0,0.0,0.0,0.000859198797121684,0.0,0.0,0.0,0.0,0.0,0.0,0.0,0.0,0.0,0.0,0.0,0.0,0.0
"ASV_261",0.0,0.0,0.0,0.0,0.0,0.0,0.0,0.0,0.0,0.0,0.0,0.0,0.0,0.0,0.0,0.0,0.0,0.0,0.0011063476697552206,0.0,0.0,0.0,0.0,0.0
"ASV_262",0.0,0.0,0.0,0.0,0.0,0.0,0.0,0.0,0.0,0.0,0.0,0.0,0.0,0.0,0.0,0.0012683457148034065,0.0,0.0,0.0,0.0,0.0,0.0,0.0,0.0
"ASV_263",0.0,0.0,0.0,0.0,0.0,0.0,0.0,0.0,0.0,0.0,0.0,0.0,0.0,0.0,0.0,0.0,0.0,0.0,0.000968054211035818,0.0,0.0,0.0,0.0,0.0
"ASV_264",0.0,0.0,0.0004476275738585497,0.0,0.0,0.0,0.0,0.0,0.0,0.0,0.0,0.0,0.0,0.0,0.0,0.0,0.0,0.0,0.0,0.0,0.0,0.0,0.0,0.0
"ASV_265",0.0,0.0,0.0,0.0,0.0,0.0,0.0006357279084551812,0.0,0.0,0.0,0.0,0.0,0.0,0.0,0.0,0.0,0.0,0.0,0.0,0.0,0.0,0.0,0.0,0.0
"ASV_266",0.0,0.0,0.0,0.0,0.0005915059742103396,0.0,0.0,0.0,0.0,0.0,0.0,0.0,0.0,0.0,0.0,0.0,0.0,0.0,0.0,0.0,0.0,0.0,0.0,0.0
"ASV_267",0.0,0.0,0.0,0.0005010647626205688,0.0,0.0,0.0,0.0,0.0,0.0,0.0,0.0,0.0,0.0,0.0,0.0,0.0,0.0,0.0,0.0,0.0,0.0,0.0,0.0
"ASV_268",0.0,0.0,0.0,0.0,0.0,0.0,0.0,0.0,0.0,0.0004621072088724584,0.0,0.0,0.0,0.0,0.0,0.0,0.0,0.0,0.0,0.0,0.0,0.0,0.0,0.0
